<?xml version="1.0" encoding="UTF-8"?>
<export version="E">
  <design>
    <source>/home/wwatson/4-BitVGA/4-BitVGA.kicad_sch</source>
    <date>Tue 23 Jan 2024 14:39:49 PST</date>
    <tool>Eeschema 7.0.10-7.0.10~ubuntu22.04.1</tool>
    <sheet number="1" name="/" tstamps="/">
      <title_block>
        <title>4BitVGA</title>
        <company/>
        <rev/>
        <date>2024-01-22</date>
        <source>4-BitVGA.kicad_sch</source>
        <comment number="1" value=""/>
        <comment number="2" value=""/>
        <comment number="3" value=""/>
        <comment number="4" value=""/>
        <comment number="5" value=""/>
        <comment number="6" value=""/>
        <comment number="7" value=""/>
        <comment number="8" value=""/>
        <comment number="9" value=""/>
      </title_block>
    </sheet>
  </design>
  <components>
    <comp ref="J1">
      <value>DE15_Receptacle_HighDensity_MountingHoles</value>
      <footprint>Connector_Dsub:DSUB-15-HD_Female_Horizontal_P2.29x1.98mm_EdgePinOffset3.03mm_Housed_MountingHolesOffset4.94mm</footprint>
      <datasheet> ~</datasheet>
      <libsource lib="Connector" part="DE15_Receptacle_HighDensity_MountingHoles" description="15-pin female receptacle socket D-SUB connector, High density (3 columns), Triple Row, Generic, VGA-connector, Mounting Hole"/>
      <property name="Sheetname" value=""/>
      <property name="Sheetfile" value="4-BitVGA.kicad_sch"/>
      <property name="ki_description" value="15-pin female receptacle socket D-SUB connector, High density (3 columns), Triple Row, Generic, VGA-connector, Mounting Hole"/>
      <property name="ki_keywords" value="connector receptacle de15 female D-SUB VGA"/>
      <sheetpath names="/" tstamps="/"/>
      <tstamps>fc073b8f-af93-4c14-9e61-e3b49b6553fc</tstamps>
    </comp>
    <comp ref="J2">
      <value>Conn_01x15_Pin</value>
      <footprint>Connector_PinHeader_1.27mm:PinHeader_1x15_P1.27mm_Vertical</footprint>
      <libsource lib="Connector" part="Conn_01x15_Pin" description="Generic connector, single row, 01x15, script generated"/>
      <property name="Sheetname" value=""/>
      <property name="Sheetfile" value="4-BitVGA.kicad_sch"/>
      <property name="ki_description" value="Generic connector, single row, 01x15, script generated"/>
      <property name="ki_keywords" value="connector"/>
      <sheetpath names="/" tstamps="/"/>
      <tstamps>9896554c-dc24-4b5f-be64-7d4236fbab69</tstamps>
    </comp>
    <comp ref="R1">
      <value>270</value>
      <footprint>Resistor_THT:R_Axial_DIN0309_L9.0mm_D3.2mm_P12.70mm_Horizontal</footprint>
      <libsource lib="Device" part="R_US" description="Resistor, US symbol"/>
      <property name="Sheetname" value=""/>
      <property name="Sheetfile" value="4-BitVGA.kicad_sch"/>
      <property name="ki_description" value="Resistor, US symbol"/>
      <property name="ki_keywords" value="R res resistor"/>
      <sheetpath names="/" tstamps="/"/>
      <tstamps>5a11b163-c439-40ad-8748-fea3430de33e</tstamps>
    </comp>
    <comp ref="R2">
      <value>270</value>
      <footprint>Resistor_THT:R_Axial_DIN0309_L9.0mm_D3.2mm_P12.70mm_Horizontal</footprint>
      <libsource lib="Device" part="R_US" description="Resistor, US symbol"/>
      <property name="Sheetname" value=""/>
      <property name="Sheetfile" value="4-BitVGA.kicad_sch"/>
      <property name="ki_description" value="Resistor, US symbol"/>
      <property name="ki_keywords" value="R res resistor"/>
      <sheetpath names="/" tstamps="/"/>
      <tstamps>53a6afef-afba-4942-9dea-2591f0df22b3</tstamps>
    </comp>
    <comp ref="R3">
      <value>270</value>
      <footprint>Resistor_THT:R_Axial_DIN0309_L9.0mm_D3.2mm_P12.70mm_Horizontal</footprint>
      <libsource lib="Device" part="R_US" description="Resistor, US symbol"/>
      <property name="Sheetname" value=""/>
      <property name="Sheetfile" value="4-BitVGA.kicad_sch"/>
      <property name="ki_description" value="Resistor, US symbol"/>
      <property name="ki_keywords" value="R res resistor"/>
      <sheetpath names="/" tstamps="/"/>
      <tstamps>64ba7ff0-6a79-4119-ad4d-658a5901ecc9</tstamps>
    </comp>
    <comp ref="R4">
      <value>536</value>
      <footprint>Resistor_THT:R_Axial_DIN0309_L9.0mm_D3.2mm_P12.70mm_Horizontal</footprint>
      <libsource lib="Device" part="R_US" description="Resistor, US symbol"/>
      <property name="Sheetname" value=""/>
      <property name="Sheetfile" value="4-BitVGA.kicad_sch"/>
      <property name="ki_description" value="Resistor, US symbol"/>
      <property name="ki_keywords" value="R res resistor"/>
      <sheetpath names="/" tstamps="/"/>
      <tstamps>db3eb48e-bbcb-4f29-86d4-bfa51c7cfff6</tstamps>
    </comp>
    <comp ref="R5">
      <value>536</value>
      <footprint>Resistor_THT:R_Axial_DIN0309_L9.0mm_D3.2mm_P12.70mm_Horizontal</footprint>
      <libsource lib="Device" part="R_US" description="Resistor, US symbol"/>
      <property name="Sheetname" value=""/>
      <property name="Sheetfile" value="4-BitVGA.kicad_sch"/>
      <property name="ki_description" value="Resistor, US symbol"/>
      <property name="ki_keywords" value="R res resistor"/>
      <sheetpath names="/" tstamps="/"/>
      <tstamps>b362bdf9-9a2c-437a-8571-555dc0a92fcb</tstamps>
    </comp>
    <comp ref="R6">
      <value>536</value>
      <footprint>Resistor_THT:R_Axial_DIN0309_L9.0mm_D3.2mm_P12.70mm_Horizontal</footprint>
      <libsource lib="Device" part="R_US" description="Resistor, US symbol"/>
      <property name="Sheetname" value=""/>
      <property name="Sheetfile" value="4-BitVGA.kicad_sch"/>
      <property name="ki_description" value="Resistor, US symbol"/>
      <property name="ki_keywords" value="R res resistor"/>
      <sheetpath names="/" tstamps="/"/>
      <tstamps>28b98612-0715-4b34-9a00-8c0a93822ecc</tstamps>
    </comp>
    <comp ref="R7">
      <value>536</value>
      <footprint>Resistor_THT:R_Axial_DIN0309_L9.0mm_D3.2mm_P12.70mm_Horizontal</footprint>
      <libsource lib="Device" part="R_US" description="Resistor, US symbol"/>
      <property name="Sheetname" value=""/>
      <property name="Sheetfile" value="4-BitVGA.kicad_sch"/>
      <property name="ki_description" value="Resistor, US symbol"/>
      <property name="ki_keywords" value="R res resistor"/>
      <sheetpath names="/" tstamps="/"/>
      <tstamps>1e3a0a61-f94e-4a3b-938f-ba4571c1bb76</tstamps>
    </comp>
    <comp ref="R8">
      <value>536</value>
      <footprint>Resistor_THT:R_Axial_DIN0309_L9.0mm_D3.2mm_P12.70mm_Horizontal</footprint>
      <libsource lib="Device" part="R_US" description="Resistor, US symbol"/>
      <property name="Sheetname" value=""/>
      <property name="Sheetfile" value="4-BitVGA.kicad_sch"/>
      <property name="ki_description" value="Resistor, US symbol"/>
      <property name="ki_keywords" value="R res resistor"/>
      <sheetpath names="/" tstamps="/"/>
      <tstamps>56dc81cf-fb90-47dd-8e63-2dcf79d77a9c</tstamps>
    </comp>
    <comp ref="R9">
      <value>536</value>
      <footprint>Resistor_THT:R_Axial_DIN0309_L9.0mm_D3.2mm_P12.70mm_Horizontal</footprint>
      <libsource lib="Device" part="R_US" description="Resistor, US symbol"/>
      <property name="Sheetname" value=""/>
      <property name="Sheetfile" value="4-BitVGA.kicad_sch"/>
      <property name="ki_description" value="Resistor, US symbol"/>
      <property name="ki_keywords" value="R res resistor"/>
      <sheetpath names="/" tstamps="/"/>
      <tstamps>22c4d91b-ff88-4013-b90b-f2041b6362d8</tstamps>
    </comp>
    <comp ref="R10">
      <value>536</value>
      <footprint>Resistor_THT:R_Axial_DIN0309_L9.0mm_D3.2mm_P12.70mm_Horizontal</footprint>
      <libsource lib="Device" part="R_US" description="Resistor, US symbol"/>
      <property name="Sheetname" value=""/>
      <property name="Sheetfile" value="4-BitVGA.kicad_sch"/>
      <property name="ki_description" value="Resistor, US symbol"/>
      <property name="ki_keywords" value="R res resistor"/>
      <sheetpath names="/" tstamps="/"/>
      <tstamps>78377b23-1907-486f-9008-39ee5e20e4de</tstamps>
    </comp>
    <comp ref="R11">
      <value>536</value>
      <footprint>Resistor_THT:R_Axial_DIN0309_L9.0mm_D3.2mm_P12.70mm_Horizontal</footprint>
      <libsource lib="Device" part="R_US" description="Resistor, US symbol"/>
      <property name="Sheetname" value=""/>
      <property name="Sheetfile" value="4-BitVGA.kicad_sch"/>
      <property name="ki_description" value="Resistor, US symbol"/>
      <property name="ki_keywords" value="R res resistor"/>
      <sheetpath names="/" tstamps="/"/>
      <tstamps>ce4a66e0-fac1-420b-806f-337efc9b7467</tstamps>
    </comp>
    <comp ref="R12">
      <value>536</value>
      <footprint>Resistor_THT:R_Axial_DIN0309_L9.0mm_D3.2mm_P12.70mm_Horizontal</footprint>
      <libsource lib="Device" part="R_US" description="Resistor, US symbol"/>
      <property name="Sheetname" value=""/>
      <property name="Sheetfile" value="4-BitVGA.kicad_sch"/>
      <property name="ki_description" value="Resistor, US symbol"/>
      <property name="ki_keywords" value="R res resistor"/>
      <sheetpath names="/" tstamps="/"/>
      <tstamps>f91002f5-bd88-4778-8ec9-d4ca0cf28e7b</tstamps>
    </comp>
    <comp ref="R13">
      <value>68</value>
      <footprint>Resistor_THT:R_Axial_DIN0309_L9.0mm_D3.2mm_P12.70mm_Horizontal</footprint>
      <libsource lib="Device" part="R_US" description="Resistor, US symbol"/>
      <property name="Sheetname" value=""/>
      <property name="Sheetfile" value="4-BitVGA.kicad_sch"/>
      <property name="ki_description" value="Resistor, US symbol"/>
      <property name="ki_keywords" value="R res resistor"/>
      <sheetpath names="/" tstamps="/"/>
      <tstamps>3da88aa4-bb06-42e6-bc4f-f10618a7b214</tstamps>
    </comp>
    <comp ref="R14">
      <value>68</value>
      <footprint>Resistor_THT:R_Axial_DIN0309_L9.0mm_D3.2mm_P12.70mm_Horizontal</footprint>
      <libsource lib="Device" part="R_US" description="Resistor, US symbol"/>
      <property name="Sheetname" value=""/>
      <property name="Sheetfile" value="4-BitVGA.kicad_sch"/>
      <property name="ki_description" value="Resistor, US symbol"/>
      <property name="ki_keywords" value="R res resistor"/>
      <sheetpath names="/" tstamps="/"/>
      <tstamps>535bd692-9b41-4e50-9070-92531dad84a8</tstamps>
    </comp>
  </components>
  <libparts>
    <libpart lib="Connector" part="Conn_01x15_Pin">
      <description>Generic connector, single row, 01x15, script generated</description>
      <docs>~</docs>
      <footprints>
        <fp>Connector*:*_1x??_*</fp>
      </footprints>
      <fields>
        <field name="Reference">J</field>
        <field name="Value">Conn_01x15_Pin</field>
        <field name="Datasheet">~</field>
      </fields>
      <pins>
        <pin num="1" name="Pin_1" type="passive"/>
        <pin num="2" name="Pin_2" type="passive"/>
        <pin num="3" name="Pin_3" type="passive"/>
        <pin num="4" name="Pin_4" type="passive"/>
        <pin num="5" name="Pin_5" type="passive"/>
        <pin num="6" name="Pin_6" type="passive"/>
        <pin num="7" name="Pin_7" type="passive"/>
        <pin num="8" name="Pin_8" type="passive"/>
        <pin num="9" name="Pin_9" type="passive"/>
        <pin num="10" name="Pin_10" type="passive"/>
        <pin num="11" name="Pin_11" type="passive"/>
        <pin num="12" name="Pin_12" type="passive"/>
        <pin num="13" name="Pin_13" type="passive"/>
        <pin num="14" name="Pin_14" type="passive"/>
        <pin num="15" name="Pin_15" type="passive"/>
      </pins>
    </libpart>
    <libpart lib="Connector" part="DE15_Receptacle_HighDensity_MountingHoles">
      <description>15-pin female receptacle socket D-SUB connector, High density (3 columns), Triple Row, Generic, VGA-connector, Mounting Hole</description>
      <docs> ~</docs>
      <footprints>
        <fp>DSUB*Female*</fp>
      </footprints>
      <fields>
        <field name="Reference">J</field>
        <field name="Value">DE15_Receptacle_HighDensity_MountingHoles</field>
        <field name="Datasheet"> ~</field>
      </fields>
      <pins>
        <pin num="0" name="" type="passive"/>
        <pin num="1" name="" type="passive"/>
        <pin num="2" name="" type="passive"/>
        <pin num="3" name="" type="passive"/>
        <pin num="4" name="" type="passive"/>
        <pin num="5" name="" type="passive"/>
        <pin num="6" name="" type="passive"/>
        <pin num="7" name="" type="passive"/>
        <pin num="8" name="" type="passive"/>
        <pin num="9" name="" type="passive"/>
        <pin num="10" name="" type="passive"/>
        <pin num="11" name="" type="passive"/>
        <pin num="12" name="" type="passive"/>
        <pin num="13" name="" type="passive"/>
        <pin num="14" name="" type="passive"/>
        <pin num="15" name="" type="passive"/>
      </pins>
    </libpart>
    <libpart lib="Device" part="R_US">
      <description>Resistor, US symbol</description>
      <docs>~</docs>
      <footprints>
        <fp>R_*</fp>
      </footprints>
      <fields>
        <field name="Reference">R</field>
        <field name="Value">R_US</field>
        <field name="Datasheet">~</field>
      </fields>
      <pins>
        <pin num="1" name="" type="passive"/>
        <pin num="2" name="" type="passive"/>
      </pins>
    </libpart>
  </libparts>
  <libraries>
    <library logical="Connector">
      <uri>/usr/share/kicad/symbols//Connector.kicad_sym</uri>
    </library>
    <library logical="Device">
      <uri>/usr/share/kicad/symbols//Device.kicad_sym</uri>
    </library>
  </libraries>
  <nets>
    <net code="1" name="/BLUE">
      <node ref="J2" pin="3" pinfunction="Pin_3" pintype="passive"/>
      <node ref="R6" pin="2" pintype="passive"/>
    </net>
    <net code="2" name="/GREEN">
      <node ref="J2" pin="2" pinfunction="Pin_2" pintype="passive"/>
      <node ref="R9" pin="2" pintype="passive"/>
    </net>
    <net code="3" name="/HSYNC">
      <node ref="J2" pin="13" pinfunction="Pin_13" pintype="passive"/>
      <node ref="R13" pin="2" pintype="passive"/>
    </net>
    <net code="4" name="/INTENSITY">
      <node ref="J2" pin="4" pinfunction="Pin_4" pintype="passive"/>
      <node ref="R11" pin="2" pintype="passive"/>
      <node ref="R5" pin="2" pintype="passive"/>
      <node ref="R8" pin="2" pintype="passive"/>
    </net>
    <net code="5" name="/RED">
      <node ref="J2" pin="1" pinfunction="Pin_1" pintype="passive"/>
      <node ref="R12" pin="2" pintype="passive"/>
    </net>
    <net code="6" name="/VSYNC">
      <node ref="J2" pin="14" pinfunction="Pin_14" pintype="passive"/>
      <node ref="R14" pin="1" pintype="passive"/>
    </net>
    <net code="7" name="GND">
      <node ref="J1" pin="0" pintype="passive"/>
      <node ref="J1" pin="10" pintype="passive"/>
      <node ref="J1" pin="5" pintype="passive"/>
      <node ref="J1" pin="6" pintype="passive"/>
      <node ref="J1" pin="7" pintype="passive"/>
      <node ref="J1" pin="8" pintype="passive"/>
      <node ref="J2" pin="10" pinfunction="Pin_10" pintype="passive"/>
      <node ref="J2" pin="5" pinfunction="Pin_5" pintype="passive"/>
      <node ref="J2" pin="6" pinfunction="Pin_6" pintype="passive"/>
      <node ref="J2" pin="7" pinfunction="Pin_7" pintype="passive"/>
      <node ref="J2" pin="8" pinfunction="Pin_8" pintype="passive"/>
      <node ref="R10" pin="2" pintype="passive"/>
      <node ref="R4" pin="2" pintype="passive"/>
      <node ref="R7" pin="2" pintype="passive"/>
    </net>
    <net code="8" name="Net-(J1-Pad1)">
      <node ref="J1" pin="1" pintype="passive"/>
      <node ref="R1" pin="1" pintype="passive"/>
      <node ref="R12" pin="1" pintype="passive"/>
    </net>
    <net code="9" name="Net-(J1-Pad2)">
      <node ref="J1" pin="2" pintype="passive"/>
      <node ref="R2" pin="1" pintype="passive"/>
      <node ref="R9" pin="1" pintype="passive"/>
    </net>
    <net code="10" name="Net-(J1-Pad3)">
      <node ref="J1" pin="3" pintype="passive"/>
      <node ref="R3" pin="1" pintype="passive"/>
      <node ref="R6" pin="1" pintype="passive"/>
    </net>
    <net code="11" name="Net-(J1-Pad13)">
      <node ref="J1" pin="13" pintype="passive"/>
      <node ref="R13" pin="1" pintype="passive"/>
    </net>
    <net code="12" name="Net-(J1-Pad14)">
      <node ref="J1" pin="14" pintype="passive"/>
      <node ref="R14" pin="2" pintype="passive"/>
    </net>
    <net code="13" name="Net-(R1-Pad2)">
      <node ref="R1" pin="2" pintype="passive"/>
      <node ref="R10" pin="1" pintype="passive"/>
      <node ref="R11" pin="1" pintype="passive"/>
    </net>
    <net code="14" name="Net-(R2-Pad2)">
      <node ref="R2" pin="2" pintype="passive"/>
      <node ref="R7" pin="1" pintype="passive"/>
      <node ref="R8" pin="1" pintype="passive"/>
    </net>
    <net code="15" name="Net-(R3-Pad2)">
      <node ref="R3" pin="2" pintype="passive"/>
      <node ref="R4" pin="1" pintype="passive"/>
      <node ref="R5" pin="1" pintype="passive"/>
    </net>
    <net code="16" name="unconnected-(J1-Pad4)">
      <node ref="J1" pin="4" pintype="passive+no_connect"/>
    </net>
    <net code="17" name="unconnected-(J1-Pad9)">
      <node ref="J1" pin="9" pintype="passive+no_connect"/>
    </net>
    <net code="18" name="unconnected-(J1-Pad11)">
      <node ref="J1" pin="11" pintype="passive+no_connect"/>
    </net>
    <net code="19" name="unconnected-(J1-Pad12)">
      <node ref="J1" pin="12" pintype="passive+no_connect"/>
    </net>
    <net code="20" name="unconnected-(J1-Pad15)">
      <node ref="J1" pin="15" pintype="passive+no_connect"/>
    </net>
    <net code="21" name="unconnected-(J2-Pin_9-Pad9)">
      <node ref="J2" pin="9" pinfunction="Pin_9" pintype="passive+no_connect"/>
    </net>
    <net code="22" name="unconnected-(J2-Pin_11-Pad11)">
      <node ref="J2" pin="11" pinfunction="Pin_11" pintype="passive+no_connect"/>
    </net>
    <net code="23" name="unconnected-(J2-Pin_12-Pad12)">
      <node ref="J2" pin="12" pinfunction="Pin_12" pintype="passive+no_connect"/>
    </net>
    <net code="24" name="unconnected-(J2-Pin_15-Pad15)">
      <node ref="J2" pin="15" pinfunction="Pin_15" pintype="passive+no_connect"/>
    </net>
  </nets>
</export>
