"Id";"Designator";"Footprint";"Quantity";"Designation";"Supplier and ref";
1;"J1";"DSUB-15-HD_Female_Horizontal_P2.29x1.98mm_EdgePinOffset3.03mm_Housed_MountingHolesOffset4.94mm";1;"DE15_Receptacle_HighDensity_MountingHoles";;;
2;"R9,R8,R4,R5,R11,R7,R6,R12,R10";"R_Axial_DIN0207_L6.3mm_D2.5mm_P7.62mm_Horizontal";9;"536";;;
3;"R13,R14";"R_Axial_DIN0207_L6.3mm_D2.5mm_P7.62mm_Horizontal";2;"68";;;
4;"J2";"PinHeader_1x15_P2.54mm_Vertical";1;"Conn_01x15_Pin";;;
5;"R3,R1,R2";"R_Axial_DIN0207_L6.3mm_D2.5mm_P7.62mm_Horizontal";3;"270";;;
